Company Name,Category
FabFitFun,"Fashion, Beauty & Personal Care"
Glowmode,"Fashion, Beauty & Personal Care"
Some Slight Clothing,"Fashion, Beauty & Personal Care"
Urban Decay Cosmetics,"Fashion, Beauty & Personal Care"
Foot Locker,"Fashion, Beauty & Personal Care"
Sally Beauty,"Fashion, Beauty & Personal Care"
Macy's,"Fashion, Beauty & Personal Care"
Target,"Fashion, Beauty & Personal Care"
Allen Edmonds,"Fashion, Beauty & Personal Care"
Paul Rich,"Fashion, Beauty & Personal Care"
Anajah,"Fashion, Beauty & Personal Care"
Thinx,"Fashion, Beauty & Personal Care"
Lolaetc le blog,"Fashion, Beauty & Personal Care"
Jada,"Fashion, Beauty & Personal Care"
Lipgloss & Crayons: A Community for Moms,"Fashion, Beauty & Personal Care"
Stoler Lexus,Automotive & Dealerships
POWER Kia,Automotive & Dealerships
Tony Serra Ford,Automotive & Dealerships
Volkswagen of Oakland,Automotive & Dealerships
Battle Creek Honda,Automotive & Dealerships
Hyundai of New Port Richey,Automotive & Dealerships
Empire Cadillac of Long Island City,Automotive & Dealerships
Lincoln North Miami,Automotive & Dealerships
Mac Haik Ford,Automotive & Dealerships
Atlantic Hyundai,Automotive & Dealerships
McLarty Honda,Automotive & Dealerships
My Chrysler Dodge Jeep RAM FIAT,Automotive & Dealerships
Universal Orlando Resort,"Travel, Leisure & Events"
Tripadvisor,"Travel, Leisure & Events"
Aruba Tourism Authority UK,"Travel, Leisure & Events"
Secret Napoli,"Travel, Leisure & Events"
Secret Stuttgart,"Travel, Leisure & Events"
Secret Miami,"Travel, Leisure & Events"
Strasbourg Secrets,"Travel, Leisure & Events"
Shoreline Amphitheatre At Mountain View,"Travel, Leisure & Events"
Open Beatz Festival,"Travel, Leisure & Events"
The Florida Playground,"Travel, Leisure & Events"
Delta Air Lines,"Travel, Leisure & Events"
The Rave / Eagles Club,"Travel, Leisure & Events"
Great Wolf Lodge,"Travel, Leisure & Events"
Lyon Secret,"Travel, Leisure & Events"
Toulon Secret,"Travel, Leisure & Events"
StreetEasy,"Real Estate, Furniture & Home Decor"
Apartments.com,"Real Estate, Furniture & Home Decor"
Mycozyhouse,"Real Estate, Furniture & Home Decor"
ELLE DECOR,"Real Estate, Furniture & Home Decor"
Architectural Digest,"Real Estate, Furniture & Home Decor"
Wayfair,"Real Estate, Furniture & Home Decor"
The Trending Home,"Real Estate, Furniture & Home Decor"
Branch Furniture,"Real Estate, Furniture & Home Decor"
"Lennar Triad: Greensboro, Winston-Salem & Hickory","Real Estate, Furniture & Home Decor"
REMAX ROYAL - Montreal,"Real Estate, Furniture & Home Decor"
Odette's Designs,"Real Estate, Furniture & Home Decor"
Sony Music Spain,"Media, Publishing & Entertainment"
Pitchfork,"Media, Publishing & Entertainment"
NBCUniversal,"Media, Publishing & Entertainment"
LADbible,"Media, Publishing & Entertainment"
Esquire Italia,"Media, Publishing & Entertainment"
Variety,"Media, Publishing & Entertainment"
IMAX,"Media, Publishing & Entertainment"
ELLE Australia,"Media, Publishing & Entertainment"
KISS,"Media, Publishing & Entertainment"
OneRepublic,"Media, Publishing & Entertainment"
Rod Stewart,"Media, Publishing & Entertainment"
Isabella Lovestory,"Media, Publishing & Entertainment"
COPA90,"Media, Publishing & Entertainment"
Drusky Entertainment,"Media, Publishing & Entertainment"
Baltimore Soundstage,"Media, Publishing & Entertainment"
Pabst Theater Group,"Media, Publishing & Entertainment"
Comiendo X El Mundo,"Food, Drink & Nutrition"
Slofoodgroup- Gourmet Vanilla & Spices,"Food, Drink & Nutrition"
Curious Elixirs,"Food, Drink & Nutrition"
Kore Nutrition,"Food, Drink & Nutrition"
The Nashville Dietitian,"Food, Drink & Nutrition"
